time_bin,items,median_human_seconds,median_human_accuracy
1,12,21.013525,1.0
2,12,25.127755,1.0
3,12,28.755775,0.95
4,12,36.8831,0.8611
