model,items,accuracy,ci_low,ci_high,parse_failures
gpt-4.1,48,0.9166666666666666,0.804466982096327,0.9671162431819083,0
gpt-5-mini,48,0.8541666666666666,0.728328234752537,0.9275175067339629,0
gpt-5.4,48,0.9166666666666666,0.804466982096327,0.9671162431819083,0
