model,condition,items,accuracy,ci_low,ci_high,parse_failures
gpt-4.1,no_cot,48,0.9166666666666666,0.804466982096327,0.9671162431819083,0
gpt-5-mini,no_cot,48,0.8541666666666666,0.728328234752537,0.9275175067339629,0
gpt-5.4,cot,48,0.9583333333333334,0.8602434412954455,0.9884981065106134,0
gpt-5.4,no_cot,48,0.9166666666666666,0.804466982096327,0.9671162431819083,0
gpt-5.4,repeat,48,0.9583333333333334,0.8602434412954455,0.9884981065106134,0
